month,permno,ret,me_lag1,me_now,max,beta,ivol,bm,mom,rev,illiq,ce,roe,ia,sic
201801,14593,-0.010636,860882486880.0,849541945849.87,0.012362399999999999,1.2890828216927883,0.009787132777116191,-1.7060059673405916,0.5073408576867771,-0.010636,1.3278674476327317e-06,-0.11319823562862735,0.296153447247647,0.0,3663
201802,14593,0.06761,849541945849.87,903783195560.0001,0.030771600000000003,1.2405946239316399,0.009601749415927459,-1.7678981540520962,0.4167160001130856,0.06761,2.0179835123230676e-06,-0.09096343932011766,0.296153447247647,0.0,3663
201803,14593,-0.058051,903783195560.0001,829383853960.0,0.0186084,,,-1.6819917308335148,0.23647785975230962,-0.058051,2.0209736635131534e-06,-0.08225465414079948,0.296153447247647,0.0,3663
201804,14593,-0.01502,829383853960.0,812275656728.6199,0.016015,1.2253068942878154,0.010352694944724036,-1.5905604568354708,0.25878584505446134,-0.01502,2.1576255298961673e-06,-0.08684101457012432,0.3134220966110924,0.1667246942670803,3663
201805,14593,0.135181,812275656728.6199,918491838060.0001,0.026056199999999995,1.19308149257536,0.010727911460428426,-1.7134537140073087,0.18579507361835823,0.135181,1.512080088672511e-06,-0.09913428933003285,0.3134220966110924,0.1667246942670803,3663
201806,14593,-0.009418,918491838060.0001,896472365870.0001,0.0107578,,,-1.6891881636621398,0.09381912000012216,-0.009418,1.4404987379226027e-06,-0.11894694583209528,0.3134220966110924,0.1667246942670803,3663
201807,14593,0.027983,896472365870.0001,919086570240.74,0.013025199999999997,1.1789782807424984,0.010252359353112373,-1.7141010139525186,0.31703555468670364,0.027983,2.274486231698015e-06,-0.11936910603240863,0.29206105671364113,0.1667246942670803,3663
201808,14593,0.200063,919086570240.74,1099436055379.9999,0.027538,1.1409269175582102,0.010632075625271749,-1.8932733459492705,0.2633162201682806,0.200063,1.3325016612115445e-06,-0.14722751212095808,0.29206105671364113,0.1667246942670803,3663
201809,14593,-0.008303,1099436055379.9999,1073390587189.8601,0.018394399999999998,,,-1.8692983861038908,0.17324214630636803,-0.008303,1.509202170416557e-06,-0.1793023830189897,0.29206105671364113,0.1667246942670803,3663
201810,14593,-0.030478,1073390587189.8601,1038577806280.0001,0.024190200000000002,1.1693547292312108,0.01084971313586366,-1.8363282578545463,0.49822346420013086,-0.030478,2.2197073795153563e-06,-0.13383017914986822,0.29206105671364113,0.0,3663
201811,14593,-0.180709,1038577806280.0001,847433174840.0,0.0244672,1.2771313782000104,0.011947381358447532,-1.6329326819533194,0.35464339681774537,-0.180709,2.52983399144298e-06,-0.09491683454046868,0.29206105671364113,0.0,3663
201812,14593,-0.116698,847433174840.0,746079172518.03,0.027792400000000002,1.3181509688490096,0.012105157918922083,-1.5055524195070054,0.28716281214243544,-0.116698,2.811697833903097e-06,-0.08904349925932828,0.29206105671364113,0.0,3663
201901,14593,0.055154,746079172518.03,784811203200.0,0.0367382,1.4109100530209162,0.013225110646622018,-1.5561638789324526,0.07088766079953746,0.055154,2.868532130183427e-06,-0.08807225364403837,0.29206105671364113,0.0,3663
201902,14593,0.044701,784811203200.0,816450684847.2001,0.014516199999999998,1.448235293697693,0.012892069550846966,-1.5956872079127484,-0.0439138552044005,0.044701,1.6218884573446148e-06,-0.08879367990526484,0.29206105671364113,0.0,3663
201903,14593,0.097026,816450684847.2001,895667436000.0,0.0213664,,,-1.6882898744513466,-0.05506868610667204,0.097026,1.8563314506423632e-06,-0.07280662570324627,0.29206105671364113,0.0,3663
201904,14593,0.056436,895667436000.0,923297720250.0,0.0142048,1.4924646871703833,0.012835484765095315,-2.1497820527714615,0.0480086380002247,0.056436,1.4270648684325775e-06,-0.1049859349857935,0.35959311632065044,-0.025562255041711186,3663
201905,14593,-0.123735,923297720250.0,805510246260.7499,0.0216994,1.5282421310869534,0.012933515620756869,-2.0133062360378835,0.16722443512643337,-0.123735,2.289694964900721e-06,-0.08310578138281136,0.35959311632065044,-0.025562255041711186,3663
201906,14593,0.130519,805510246260.7499,896853698400.0,0.024898399999999998,,,-2.120723060881424,0.08625665276923122,0.130519,2.2945773896078394e-06,-0.0858886494048896,0.35959311632065044,-0.025562255041711186,3663
201907,14593,0.076395,896853698400.0,962766062008.2,0.016569599999999997,1.530898570224097,0.013345931255490912,-2.191640769151597,-0.039101572773551085,0.076395,2.19237049622862e-06,-0.09104283776452915,0.5534009463341173,-0.025562255041711186,3663
201908,14593,-0.01657,962766062008.2,943333678391.8,0.025185599999999995,,,-2.1712503808838544,0.05674308723939814,-0.01657,2.5517957236142875e-06,-0.08527118551903323,0.5534009463341173,-0.025562255041711186,3663
201909,14593,0.072962,943333678391.8,995151566920.0,0.0214478,1.559218592238939,0.012498261437074349,-2.2247253672489764,-0.05215561567263405,0.072962,1.8629896126451424e-06,-0.08420570307414373,0.5534009463341173,0.0,3663
201910,14593,0.110684,995151566920.0,1105306556967.35,0.0216122,1.6020975175750876,0.012414341322896021,-2.329708315724227,-0.06005705081384605,0.110684,1.626568332367537e-06,-0.09309316543344383,0.5534009463341173,0.0,3663
201911,14593,0.077424,1105306556967.35,1187462571250.0,0.0165466,,,-2.4014043295930825,0.040227108456202476,0.077424,1.2314755642098614e-06,-0.18202055504618442,0.5534009463341173,0.0,3663
201912,14593,0.098784,1187462571250.0,1287643166500.4102,0.0174526,1.5782187794356932,0.01120869519571606,-2.482399136766191,0.410199313465629,0.098784,1.3141142473349513e-06,-0.34429968773239805,0.5534009463341173,0.0,3663
202001,14593,0.05401,1287643166500.4102,1354254858554.8,0.022928399999999998,1.5028061026141726,0.010024521575815466,-2.5328369752950346,0.7201167721927402,0.05401,1.190461653129139e-06,-0.3424241271021292,0.5534009463341173,0.0,3663
202002,14593,-0.11431,1354254858554.8,1196081169045.2,0.0197612,,,-2.408636112430746,0.7912425934195653,-0.11431,1.458173812006024e-06,-0.2187830372056226,0.5534009463341173,0.0,3663
202003,14593,-0.069762,1196081169045.2,1099546610990.13,0.08757580000000001,1.167033180233802,0.011649249084434906,-2.431163902373949,0.807203789304457,-0.069762,2.6754989284126185e-06,-0.1521852755096624,0.5136604910154035,-0.07439742976279992,3663
202004,14593,0.155374,1099546610990.13,1273427579656.65,0.045652000000000005,1.145726336394812,0.0119266134817254,-2.5779781260114607,0.45905596052332753,0.155374,2.2119832868476787e-06,-0.1628654394254032,0.5136604910154035,-0.07439742976279992,3663
202005,14593,0.084956,1273427579656.65,1378058469900.0,0.0194982,,,-2.6569415820411697,0.28476244524542893,0.084956,1.0259157263081788e-06,-0.300945914048538,0.5136604910154035,-0.07439742976279992,3663
202006,14593,0.147386,1378058469900.0,1562780904360.61,0.0276906,1.0889118879134485,0.012093288871663789,-2.782732844623874,0.6939865513434778,0.147386,1.2820477546489443e-06,-0.3099923989312028,0.5714876716862486,-0.07439742976279992,3663
202007,14593,0.165132,1562780904360.61,1817315518116.3398,0.0399006,1.0961824168934546,0.013669437848517431,-2.933626401537008,0.6257142717631583,0.165132,1.1275731085929634e-06,-0.38379193958333824,0.5714876716862486,-0.07439742976279992,3663
202008,14593,0.216309,1817315518116.3398,2206911074414.64,0.0357532,1.0822277575318446,0.014337864738123533,-3.127859813308614,0.732934281022527,0.216309,7.286464062506718e-07,-0.6472960523385518,0.5714876716862486,-0.07439742976279992,3663
202009,14593,-0.102526,2206911074414.64,1966078923030.0,0.035503400000000004,1.1163313296696153,0.015514933279116948,-3.012307144244522,1.053117339023966,-0.102526,1.3430241114272362e-06,-0.40789075495863325,0.5714876716862486,0.0,3663
202010,14593,-0.060012,1966078923030.0,1850816165720.0,0.033144999999999994,,,-2.9518926918254644,1.3274124316713003,-0.060012,1.2653464529710573e-06,-0.25227113937299495,0.5714876716862486,0.0,3663
202011,14593,0.09549,1850816165720.0,2024064528100.0,0.028627600000000003,1.123019056760252,0.016766010239494304,-3.0413736117522823,0.8806358466510447,0.09549,1.032503780833118e-06,-0.26412788364624395,0.5714876716862486,0.0,3663
202012,14593,0.114574,2024064528100.0,2232278767470.0,0.0315166,1.1258184076931135,0.017146514319657448,-3.139288911903058,0.6407422966462801,0.114574,9.141604912387872e-07,-0.2730370450258961,0.5714876716862486,0.0,3663
